x_1;y_1;z_1;phi_1;theta_1;psi_1;x_2;y_2;z_2;phi_2;theta_2;psi_2;d_x;d_y;d_z;d_phi;d_theta;d_psi
-1.428107991;0.6316655804;-0.6714971145;0.0123104744;0.005243668426;-2.206239618;-1.445118419;0.6336421467;-0.6987059623;0.01229083246;0.005278884872;-2.206254453;-0.01701042744;0.001976566289;-0.02720884777;-1.964193388e-005;3.521644597e-005;-1.483509074e-005
-1.44554456;0.6336921675;-0.7009665035;0.01243288083;0.005257976717;-2.2062693;-1.46206772;0.6334967191;-0.7298563467;0.01225747889;0.0052685126;-2.206329792;-0.0165231599;-0.000195448419;-0.02888984323;-0.000175401947;1.053588298e-005;-6.049146256e-005
-1.462858651;0.6336790892;-0.7331027764;0.01227904763;0.005266661725;-2.206334942;-1.478534471;0.6319782805;-0.7635629352;0.01233631397;0.005267362831;-2.206340598;-0.01567581995;-0.001700808758;-0.03046015886;5.72663415e-005;7.011066138e-007;-5.656332231e-006
-1.479175738;0.6319793447;-0.7669796262;0.01227970935;0.005304430807;-2.206344028;-1.5008207;0.632432416;-0.8042989804;0.01204558429;0.005419790405;-2.206324192;-0.02164496171;0.0004530712404;-0.03731935424;-0.000234125061;0.0001153595977;1.983672098e-005
-1.50164206;0.6325125268;-0.8085597325;0.01222533442;0.005368005618;-2.20638031;-1.530540626;0.6326297449;-0.8532422222;0.01203997248;0.005385563267;-2.206344287;-0.02889856666;0.0001172180652;-0.04468248961;-0.0001853619414;1.75576491e-005;3.602264244e-005
-1.531703511;0.632854313;-0.858196313;0.01197914764;0.005399357626;-2.206341364;-1.554900697;0.6318329355;-0.9079300438;0.01214435573;0.005393203834;-2.206322038;-0.02319718574;-0.00102137755;-0.0497337308;0.0001652080833;-6.153792481e-006;1.932679718e-005
-1.556181644;0.6323204968;-0.9131736649;0.01212536516;0.005421993724;-2.206335721;-1.580381745;0.6304399546;-0.9760607893;0.01228742451;0.005346254123;-2.206366023;-0.02420010123;-0.001880542144;-0.06288712441;0.0001620593499;-7.573960125e-005;-3.030222786e-005
-1.586083518;0.6262798896;-0.9718867646;0.01212058275;0.005389514055;-2.206367788;-1.600730403;0.6254349816;-1.01708315;0.01231959194;0.005371966846;-2.206397116;-0.01464688487;-0.0008449080009;-0.04519638578;0.0001990091881;-1.754720934e-005;-2.932735135e-005
-1.602082912;0.6259289946;-1.023835284;0.01233048572;0.005339209098;-2.206412927;-1.621564715;0.6257613798;-1.076416509;0.01220672182;0.005343672589;-2.206392786;-0.01948180368;-0.0001676147829;-0.05258122506;-0.0001237638998;4.463490925e-006;2.014052874e-005
-1.62253163;0.6261394204;-1.082897172;0.01237333106;0.005292550427;-2.206406618;-1.636926573;0.626376156;-1.133876197;0.01228159839;0.005303949302;-2.206401735;-0.0143949427;0.000236735679;-0.05097902494;-9.173267081e-005;1.1398875e-005;4.883179746e-006
-1.63804462;0.6269536127;-1.14237961;0.01231883377;0.005329322592;-2.206392185;-1.65267183;0.6254602772;-1.192071056;0.01223310802;0.005350650972;-2.206390437;-0.01462720943;-0.001493335466;-0.04969144588;-8.572574867e-005;2.132837983e-005;1.748130856e-006
-1.653480843;0.6259127294;-1.199569686;0.01231163123;0.005334842964;-2.206411113;-1.668476504;0.6243640314;-1.252257611;0.01232065344;0.005278620358;-2.206406638;-0.01499566157;-0.001548697932;-0.05268792508;9.022209275e-006;-5.62226057e-005;4.474224742e-006
-1.669326031;0.6248615848;-1.26084991;0.01235544101;0.005249992493;-2.206414254;-1.686172041;0.6213893177;-1.317518691;0.01229377489;0.005270425897;-2.20640119;-0.01684600957;-0.003472267113;-0.05666878147;-6.166611386e-005;2.043340373e-005;1.306443446e-005
-1.68684351;0.6217505022;-1.325822168;0.01229763079;0.005319601376;-2.206387684;-1.703014252;0.6178689428;-1.384216167;0.01233365082;0.005238269765;-2.206407057;-0.01617074207;-0.003881559334;-0.05839399835;3.602003342e-005;-8.133161037e-005;-1.937346483e-005
-1.703708668;0.6181368278;-1.394728943;0.01234874486;0.00531318302;-2.206396513;-1.717023684;0.6115122275;-1.45368223;0.0122789484;0.005298992767;-2.206421108;-0.01331501657;-0.006624600259;-0.05895328736;-6.979645821e-005;-1.419025238e-005;-2.459495216e-005
-1.717389159;0.6116225515;-1.46192126;0.0122847959;0.00535768166;-2.206418333;-1.73063069;0.6045773555;-1.517063557;0.01254140913;0.005328598048;-2.206363156;-0.01324153162;-0.007045196045;-0.05514229717;0.0002566132299;-2.908361261e-005;5.517705962e-005
-1.731023738;0.6047264625;-1.527558044;0.01246853904;0.005331772476;-2.206357107;-1.741241535;0.596441919;-1.583365569;0.01231937068;0.005328122084;-2.20633579;-0.01021779744;-0.008284543446;-0.05580752512;-0.000149168363;-3.650391832e-006;2.131737696e-005
-1.749197797;0.5877877302;-1.544818327;0.01231380527;0.005352070909;-2.206323659;-1.749820095;0.5866459796;-1.647922584;0.01230819692;0.005345807309;-2.206278283;-0.0006222980701;-0.001141750545;-0.1031042572;-5.60834779e-006;-6.263600609e-006;4.537609079e-005
-1.760971281;0.5778807202;-1.611508787;0.01223999215;0.005328291951;-2.206279295;-1.769631989;0.5666604358;-1.668248094;0.01221206886;0.005339761223;-2.206277388;-0.008660707336;-0.01122028442;-0.05673930753;-2.792329849e-005;1.146927183e-005;1.906669738e-006
-1.769467775;0.5664109584;-1.677623476;0.01224849285;0.005300643669;-2.206289435;-1.78107971;0.5540836542;-1.737471912;0.01234733727;0.005306703746;-2.206301415;-0.01161193439;-0.01232730428;-0.05984843628;9.88444188e-005;6.060076915e-006;-1.198067111e-005
-1.780852331;0.5537518172;-1.74927641;0.01232196549;0.005265013414;-2.206316546;-1.789374563;0.5420150425;-1.810740454;0.01236420445;0.005306462451;-2.206271656;-0.008522231983;-0.01173677472;-0.06146404401;4.223896324e-005;4.144903776e-005;4.489074316e-005
-1.789059853;0.541653761;-1.820726508;0.01230564447;0.005339145939;-2.206281676;-1.796281862;0.5290566487;-1.878885009;0.01240473589;0.005279992597;-2.206310395;-0.007222008367;-0.01259711236;-0.05815850081;9.909142318e-005;-5.915334201e-005;-2.871846923e-005
-1.795764656;0.5284958151;-1.891552459;0.01236464253;0.005333033594;-2.206313106;-1.750409366;0.4926197571;-2.011589545;0.01242584892;0.00529249267;-2.206337436;0.04535529056;-0.03587605799;-0.1200370868;6.120638809e-005;-4.054092444e-005;-2.433021289e-005
-1.749575961;0.4919228636;-2.022409623;0.01235181967;0.005346420819;-2.206331751;-1.640036002;0.4270941015;-2.208867227;0.01239780786;0.005276316723;-2.206321677;0.1095399596;-0.06482876209;-0.1864576047;4.598819006e-005;-7.010409597e-005;1.00734407e-005
-1.638110048;0.4257673512;-2.223011382;0.01241509024;0.005279930978;-2.206332133;-1.547907327;0.3698396043;-2.387221569;0.0124858511;0.005231851609;-2.206347345;0.09020272068;-0.05592774686;-0.1642101865;7.0760865e-005;-4.807936938e-005;-1.521188177e-005
-1.545764941;0.3684052562;-2.39938133;0.01247509733;0.005279171376;-2.206348917;-1.498471877;0.328946832;-2.520186068;0.0124480471;0.005276936739;-2.206357439;0.04729306458;-0.0394584242;-0.1208047385;-2.705022522e-005;-2.234636925e-006;-8.522022646e-006
-1.495429156;0.3269333235;-2.535625049;0.01251122433;0.005266181148;-2.206360236;-1.375989845;0.1976272905;-2.371019254;0.01240393539;0.005323097181;-2.206396414;0.1194393106;-0.129306033;0.1646057943;-0.0001072889377;5.691603322e-005;-3.617784336e-005
-1.376699725;0.196628844;-2.378613626;0.01245187956;0.005304893387;-2.206403514;-1.344341501;0.1706977331;-2.51398876;0.01252358059;0.005231817413;-2.206386355;0.03235822459;-0.02593111088;-0.1353751339;7.170102779e-005;-7.307597466e-005;1.71587821e-005
-1.339910487;0.1674480748;-2.530775026;0.01262743861;0.005222382489;-2.206416752;-1.284442863;0.180779036;-2.668357165;0.01099935193;0.004421809693;-2.206433247;0.05546762405;0.01333096114;-0.1375821395;-0.001628086683;-0.0008005727961;-1.649545707e-005
-1.273701276;0.1892241333;-2.681441521;0.01083581727;0.004424912561;-2.206544318;-1.403234464;0.7166902873;-2.228316108;0.007005014898;0.003646458111;-2.231300138;-0.129533188;0.5274661541;0.4531254136;-0.003830802371;-0.0007784544502;-0.02475581981
-1.370634966;0.7795139352;-2.242290561;0.006453935448;0.003631385659;-2.238054959;-0.9781488917;1.730155246;-2.091199307;0.006116162151;0.004446364291;-2.369471279;0.3924860739;0.9506413105;0.1510912539;-0.0003377732971;0.0008149786321;-0.13141632
-0.9093816306;1.828380505;-2.101989056;0.005848392146;0.004866032595;-2.385729086;0.1562884305;3.101872685;-2.017933463;0.01256830525;0.01140024683;-2.537848475;1.065670061;1.27349218;0.0840555931;0.0067199131;0.00653421424;-0.1521193893
0.3030797721;3.236116696;-2.02710727;0.01144150496;0.01064267985;-2.54919392;1.825433163;4.51844372;-2.00003018;0.01740013194;0.01448341899;-2.585906889;1.522353391;1.282327023;0.02707709055;0.005958626985;0.003840739147;-0.03671296962
1.970626865;4.621062157;-2.006269661;0.01701845724;0.01395178726;-2.582960375;3.745074236;6.038846215;-2.001899579;0.02287514714;0.0116734202;-2.503936758;1.77444737;1.417784058;0.004370081692;0.0058566899;-0.002278367062;0.07902361764
3.964363437;6.212920141;-2.012118478;0.02184414997;0.01159459044;-2.492104245;5.738864284;7.969316789;-2.025003777;0.02070227979;0.005641528869;-2.369981956;1.774500847;1.756396648;-0.0128852991;-0.001141870186;-0.005953061573;0.1221222893
5.89540012;8.132147686;-2.033141269;0.02015922501;0.005110035149;-2.358636258;7.573872332;10.27136302;-2.050215559;0.01846641075;0.00174213209;-2.263232307;1.678472211;2.139215339;-0.01707428919;-0.001692814259;-0.003367903059;0.09540395149
7.753063809;10.51187185;-2.06507329;0.01822742753;0.002380748303;-2.254351843;9.300519666;12.95108213;-2.092633079;0.01732828285;0.006229391696;-2.179497796;1.547455857;2.439210275;-0.02755978862;-0.0008991446782;0.003848643393;0.07485404716
9.398466424;13.18920639;-1.98031186;0.01825219887;0.006423925345;-2.173190941;10.86628743;15.80336553;-1.942583607;0.0169644603;0.004928914966;-2.113557723;1.467821004;2.61415914;0.03772825219;-0.00128773857;-0.001495010379;0.0596332178
11.03603319;16.12990862;-1.952234084;0.01634680234;0.004965458514;-2.107502062;12.41632437;19.017985;-1.901791086;0.01786022716;0.003567461674;-2.045540809;1.380291181;2.888076379;0.05044299854;0.001513424815;-0.00139799684;0.06196125314
12.52768544;19.26964753;-1.909155991;0.01760485932;0.003901447395;-2.03977942;13.61242113;22.122692;-1.854033945;0.01891901965;0.002303664211;-1.964135293;1.08473569;2.853044469;0.05512204596;0.001314160336;-0.001597783184;0.07564412733
13.73620031;22.46277892;-1.861840805;0.02037882609;0.002260617179;-1.954186265;14.59471943;25.40517638;-1.830145416;0.01339851456;0.003913083266;-1.791254726;0.8585191236;2.942397462;0.03169538861;-0.006980311534;0.001652466087;0.1629315388
14.644138;25.66596349;-1.84012181;0.008200588326;0.005235928467;-1.771161731;14.86300935;28.70016629;-1.809036232;-0.01328926735;0.01326367393;-1.536770986;0.218871344;3.0342028;0.03108557796;-0.02148985568;0.008027745465;0.2343907455
14.85590772;29.04814771;-1.822572236;-0.01276373258;0.01770797625;-1.512618845;14.16238545;32.3179935;-1.732864235;-0.008718897826;0.03942917643;-1.251879217;-0.6935222672;3.269845786;0.08970800118;0.004044834758;0.02172120018;0.260739628
14.07106549;32.61797816;-1.734199029;-0.007011588739;0.04253559279;-1.227949864;11.64692232;35.88862789;-2.180408551;-0.01122678029;0.04988945607;-0.9806712632;-2.424143175;3.270649733;-0.4462095226;-0.004215191551;0.007353863287;0.2472786006
11.37336792;36.26926209;-2.162348368;-0.01794001173;0.04818744339;-0.9607015615;9.565422771;39.5340209;-1.144301663;-0.01982467885;0.04090953118;-0.8510725377;-1.807945152;3.264758815;1.018046704;-0.001884667115;-0.007277912217;0.1096290238
9.309878907;39.81724768;-1.136317133;-0.0192769667;0.04064116933;-0.8430803724;6.437542909;42.76335406;-0.6740290522;-0.02085413754;0.02427018286;-0.7527217252;-2.872335999;2.946106374;0.462288081;-0.001577170838;-0.01637098647;0.09035864726
6.082057077;43.07845479;-0.6858446328;-0.02567856448;0.02956326753;-0.7460609017;1.981115656;45.27155746;0.2947605387;-0.03969185062;0.02445487212;-0.6746687344;-4.100941421;2.193102673;0.9806051715;-0.01401328613;-0.005108395414;0.07139216733
1.597187149;45.60916397;0.1379972025;-0.03983893878;0.02617994127;-0.6755350558;-2.344924284;48.38177131;0.2899865063;-0.03201563669;0.02715710935;-0.6652976758;-3.942111434;2.772607337;0.1519893038;0.007823302091;0.0009771680786;0.01023738003
-2.755610959;48.68253755;0.3063899352;-0.03059319069;0.02691454819;-0.6660579627;-6.79630231;51.50836189;0.5004682684;-0.02991473222;0.03251709543;-0.6749586617;-4.040691351;2.825824339;0.1940783332;0.000678458469;0.005602547237;-0.008900698939
-7.142765458;51.76496998;0.5161894434;-0.03031124251;0.03247191498;-0.6761924471;-11.03534492;54.75394562;0.538997833;-0.03162861851;0.0331919656;-0.6900246617;-3.89257946;2.988975635;0.02280838964;-0.001317376001;0.0007200506201;-0.01383221453
-11.46761392;55.08320149;0.5563478932;-0.03233094087;0.03318870209;-0.6915140551;-15.53707193;58.31372771;0.7414665015;-0.03246992169;0.03285709132;-0.7035125955;-4.069458012;3.230526217;0.1851186084;-0.0001389808232;-0.0003316107723;-0.01199854043
-15.89124549;58.59158082;0.7541309921;-0.03382009999;0.03449838394;-0.7041165628;-19.95981219;61.93053837;0.8681555513;-0.03542993134;0.03199499857;-0.7126945729;-4.068566704;3.338957558;0.1140245591;-0.001609831352;-0.002503385376;-0.008578010123
-20.35380574;62.24822475;0.8880611756;-0.0353144417;0.03088911887;-0.7129253839;-24.39275654;65.58885688;1.052404807;-0.03635762153;0.0338016232;-0.7125137337;-4.0389508;3.34063213;0.1643436313;-0.001043179837;0.002912504327;0.0004116501779
-24.82681437;65.94743766;1.073055278;-0.03179345263;0.03272973237;-0.7119476237;-28.9584204;69.32423137;1.251379566;-0.02711531025;0.03346886716;-0.7065693342;-4.131606034;3.376793713;0.178324288;0.004678142379;0.0007391347892;0.005378289477
-29.36454413;69.65097776;1.260863336;-0.02661693146;0.03650596026;-0.7061121397;-33.5697566;73.0334639;1.468127996;-0.02408564717;0.03149954176;-0.7024360962;-4.205212475;3.382486142;0.20726466;0.002531284295;-0.005006418503;0.003676043463
-34.02826394;73.39775169;1.467420232;-0.02477664;0.03504831184;-0.7020802428;-38.34436961;76.84266753;1.638120229;-0.03255850624;0.03225755533;-0.6973708761;-4.316105676;3.444915841;0.1706999973;-0.00778186624;-0.002790756506;0.004709366761
-38.77111381;77.17338018;1.655408064;-0.03679298092;0.03233028225;-0.6967282046;-43.16407869;80.66254723;1.817854161;-0.03136026924;0.03041544893;-0.6862266135;-4.392964884;3.489167051;0.1624460973;0.005432711674;-0.001914833315;0.0105015911
-43.56725163;80.98289855;1.84523058;-0.03170754581;0.03074267971;-0.6847641168;-47.97666582;84.42635239;2.059521178;-0.0278028807;0.02811231034;-0.6714332763;-4.409414196;3.443453835;0.2142905983;0.003904665109;-0.00263036937;0.01333084047
-48.45039018;84.78504448;2.078679764;-0.02665698382;0.02644171999;-0.6695660972;-52.94285427;88.0353889;2.158348419;-0.02388285512;0.02693434749;-0.6411844785;-4.492464083;3.250344416;0.07966865539;0.002774128703;0.000492627495;0.0283816187
-53.37140841;88.34241326;2.175441693;-0.02286534882;0.02659826999;-0.6368243617;-57.92731015;91.41393906;2.24058403;-0.02178776044;0.02984212997;-0.5824546041;-4.555901748;3.071525804;0.06514233634;0.001077588375;0.003243859984;0.05436975759
-58.40620835;91.72528874;2.25858534;-0.01865782407;0.02832034564;-0.5761925913;-63.07044947;94.42327787;2.322006102;-0.01320142379;0.01660308132;-0.4977781951;-4.664241122;2.697989133;0.063420762;0.005456400284;-0.01171726432;0.07841439625
-63.52080366;94.66024938;2.339579448;-0.01775858707;0.01352595208;-0.4870663564;-68.37054508;96.80259183;2.294901292;-0.03566618489;0.01812809271;-0.378037887;-4.849741414;2.142342456;-0.04467815551;-0.01790759782;0.004602140629;0.1090284694
-68.89158024;97.00406352;2.313217189;-0.03597174129;0.01662172269;-0.3667487742;-73.97724714;98.51489462;2.271195705;-0.02770337281;0.01417697437;-0.2419597888;-5.085666896;1.510831104;-0.04202148431;0.008268368481;-0.002444748318;0.1247889854
-74.47754081;98.64684855;2.277133966;-0.02019730288;0.01479591329;-0.2281203778;-79.77646368;99.53680235;2.289913188;-0.01488873519;0.007359591254;-0.0898045956;-5.298922868;0.8899538018;0.01277922193;0.005308567686;-0.00743632204;0.1383157822
-80.34463094;99.59219554;2.292672531;-0.01257640819;0.005758573397;-0.07628723905;-85.75318824;99.63415415;2.180815138;-0.02329359653;0.004235685668;0.07429862915;-5.4085573;0.04195860397;-0.1118573933;-0.01071718834;-0.001522887729;0.1505858682
-86.27057537;99.59924147;2.192206801;-0.02573673797;0.004637261882;0.09181631525;-91.58256412;98.77679487;2.177652498;-0.01572071441;0.00813214545;0.2335745242;-5.311988751;-0.8224466002;-0.01455430225;0.01001602356;0.003494883568;0.1417582089
-92.15190258;98.65261566;2.181693528;-0.009234959738;0.0079286914;0.2463199811;-97.36296903;97.01159926;2.251548748;-0.01027201624;-0.0003365933636;0.3811936553;-5.211066452;-1.641016397;0.06985522002;-0.001037056499;-0.008265284764;0.1348736742
-97.47088973;96.85771248;2.451309428;-0.01305707776;-0.001565546126;0.3976097445;-102.4223296;94.42019849;2.389407587;-0.01872977397;-0.004199808639;0.5304891627;-4.95143983;-2.437513991;-0.06190184155;-0.005672696203;-0.002634262512;0.1328794182
-102.8804695;94.15172728;2.384414034;-0.02177886331;-0.003444463571;0.5381726283;-107.3181604;90.98800603;2.422801181;-0.02151532996;-0.01019372937;0.6528343451;-4.43769092;-3.163721251;0.03838714694;0.0002635333531;-0.006749265795;0.1146617168
-107.7447965;90.65883962;2.420708658;-0.02269115716;-0.01133033554;0.6604023464;-111.8559493;86.93832734;2.428321303;-0.0197843321;-0.01327570233;0.7337909881;-4.1111528;-3.72051228;0.007612645245;0.002906825063;-0.001945366789;0.07338864171
-112.2954521;86.531236;2.420483312;-0.02374681421;-0.01300715932;0.7404857905;-116.33402;82.48082727;2.366613928;-0.02335970551;-0.01116376666;0.7774355677;-4.038567804;-4.050408729;-0.05386938316;0.0003871087049;0.001843392661;0.03694977726
-116.7140081;82.09057111;2.358580745;-0.02429972903;-0.01129355853;0.7798181191;-120.693399;77.915992;2.196283826;-0.02248075588;-0.0151096303;0.7980837437;-3.979390874;-4.174579106;-0.1622969196;0.001818973158;-0.003816071769;0.01826562457
-121.099994;77.47913183;2.185529816;-0.02332714661;-0.01510071196;0.7988148482;-124.9507583;73.21314866;2.099600027;-0.02928528002;-0.02285783771;0.7981752917;-3.85076425;-4.265983176;-0.08592978971;-0.005958133415;-0.007757125744;-0.0006395564819
-125.311044;72.82141256;2.089611663;-0.03010655893;-0.02362189721;0.7975135959;-129.1471425;68.66787906;2.017239517;-0.03009695602;-0.02523648447;0.790109079;-3.836098493;-4.153533506;-0.07237214585;9.602907713e-006;-0.001614587258;-0.007404516879
-129.5296081;68.2618064;2.004016046;-0.02949113112;-0.02526439999;0.7902894103;-133.0356563;64.52648649;1.825772985;-0.02445418478;-0.02023452551;0.7997731978;-3.506048243;-3.735319913;-0.1782430616;0.005036946337;0.005029874482;0.009483787468
-133.3478524;64.19123282;1.813019264;-0.02428952699;-0.02036458447;0.8024813104;-136.4681767;60.73847397;1.71748396;-0.01674351959;-0.01386809844;0.8622284754;-3.120324279;-3.452758849;-0.0955353047;0.007546007402;0.006496486028;0.05974716498
-136.7675552;60.386263;1.705929589;-0.0156958652;-0.01240399048;0.8747568028;-139.3445174;56.93472403;1.667420822;-0.0001494493216;-0.0123093447;1.0249038;-2.576962175;-3.451538975;-0.03850876658;0.01554641588;9.464577682e-005;0.1501469969
-139.6572794;56.40745175;1.610397059;0.006509512939;-0.009612873823;1.039073295;-141.3522158;52.95208071;1.559177379;0.01261666157;-0.006296195789;1.270904785;-1.694936442;-3.455371041;-0.05121967982;0.006107148631;0.003316678034;0.2318314898
-141.4945445;52.57052412;1.572092023;0.01890600982;-0.00627712743;1.301948546;-142.1884597;48.86557414;1.508837494;0.03968701443;0.002580077503;1.614407686;-0.6939152034;-3.704949983;-0.06325452936;0.0207810046;0.008857204933;0.3124591397
-142.1929754;48.50462335;1.505979589;0.03963189141;0.002668552389;1.643145361;-141.5446003;44.8062152;1.47019071;0.04592370304;-0.004303644233;1.976751545;0.6483751073;-3.698408154;-0.03578887938;0.006291811631;-0.006972196622;0.3336061837
-141.4073171;44.42194179;1.475219212;0.04935999122;-0.004290592902;2.006567304;-139.4316953;41.06684589;1.426423317;0.03088420955;-0.009117844684;2.251189747;1.975621827;-3.355095899;-0.04879589523;-0.01847578167;-0.004827251782;0.2446224434
-139.1892931;40.76949927;1.42714269;0.02795677103;-0.01156862516;2.269683249;-136.3946739;37.80422474;1.356359932;0.01527007573;-0.01601476805;2.372216115;2.794619138;-2.965274529;-0.0707827577;-0.0126866953;-0.004446142884;0.1025328657
-136.0605138;37.51157664;1.355041987;0.005436645781;-0.0176359755;2.377887502;-132.8469493;34.62022395;1.247763111;0.005588350813;-0.01556529106;2.357223424;3.213564551;-2.891352691;-0.1072788762;0.000151705032;0.002070684445;-0.02066407807
-132.5288962;34.33518617;1.249051839;0.003800430232;-0.01747415747;2.350954321;-129.2810456;31.07595718;1.124406918;0.01499211654;-0.01464461963;2.281682842;3.247850616;-3.259228984;-0.1246449209;0.01119168631;0.002829537841;-0.06927147919
-128.9342393;30.71725564;1.109672535;0.0102643399;-0.0135086487;2.276470981;-125.8020211;27.11161593;1.03477019;0.01440174184;-0.01321871606;2.264293819;3.132218184;-3.605639709;-0.07490234562;0.004137401935;0.0002899326403;-0.01217716261
-125.4928973;26.76830359;1.032739086;0.008734485507;-0.01577726865;2.268079278;-122.2212516;23.19326116;0.9409898108;0.002691068196;-0.02139523169;2.321480476;3.271645685;-3.575042428;-0.09174927531;-0.006043417312;-0.005617963039;0.05340119786
-121.8238343;22.78383348;0.9303430325;0.007628195925;-0.02074377024;2.327921637;-118.3257527;19.29688462;0.8122503573;0.01668734008;-0.02407840537;2.352949796;3.498081663;-3.486948861;-0.1180926751;0.009059144156;-0.003334635125;0.02502815932
-118.0113414;18.99342719;0.7949686971;0.02115894258;-0.02248389878;2.352913078;-114.3476395;15.48784216;0.6504735725;0.008498054671;-0.01855534809;2.339493187;3.663701835;-3.505585032;-0.1444951246;-0.01266088791;0.003928550693;-0.01341989162
-113.9949011;15.13904162;0.6335253875;0.004839567765;-0.02062310751;2.336557188;-110.3967542;11.47500109;0.5232482511;0.008664476102;-0.02042861112;2.26777733;3.598146848;-3.664040523;-0.1102771364;0.003824908337;0.0001944963929;-0.06877985767
-110.0550047;11.11468224;0.5111915389;0.006414410659;-0.01890627433;2.25602821;-106.8363774;7.065948295;0.3973612253;0.01666696123;-0.01641934313;2.130816231;3.218627241;-4.048733944;-0.1138303136;0.01025255057;0.002486931203;-0.1252119791
-106.5177045;6.613722252;0.3758943633;0.01741736325;-0.0137527653;2.118604651;-103.8324491;2.093716871;0.2864891268;0.007722620536;-0.01121042668;1.988525931;2.685255492;-4.520005381;-0.08940523646;-0.00969474271;0.002542338616;-0.1300787194
-103.5978198;1.639430825;0.2792110389;0.004131417121;-0.01130136138;1.975392922;-101.4994932;-3.462453056;0.2193765553;-0.01004269479;-0.006112597304;1.847610207;2.098326605;-5.101883881;-0.05983448355;-0.01417411191;0.005188764072;-0.1277827145
-101.3236218;-3.968700141;0.2208513449;-0.01120723955;-0.00807960825;1.836325615;-100.0084337;-9.405017295;0.1855366551;0.001475595378;-0.01075911104;1.711089106;1.31518809;-5.436317154;-0.03531468983;0.01268283493;-0.002679502794;-0.1252365088
-99.91272392;-9.934535861;0.1864798693;0.006764092404;-0.01172124086;1.699019607;-99.32989585;-15.5396215;0.1794553804;0.01202194373;-0.009134694597;1.599918333;0.5828280664;-5.605085636;-0.007024488917;0.005257851331;0.002586546263;-0.09910127387
-99.29036122;-16.07382082;0.1760422428;0.01183973512;-0.01048955413;1.589116271;-99.23342627;-21.65646709;0.122296379;0.002664140348;-0.005624480139;1.487263495;0.0569349553;-5.582646277;-0.05374586377;-0.009175594769;0.004865073992;-0.1018527759
-99.24661495;-22.24398016;0.1124908003;-0.001426005675;-0.005114168454;1.474700449;-99.8398841;-27.7665959;0.07366842341;-0.009186406793;0.003449772636;1.336805707;-0.593269154;-5.522615736;-0.03882237687;-0.007760401118;0.008563941091;-0.1378947415
-99.95628168;-28.34282716;0.08916430688;-0.002799191048;-0.000262438362;1.32144089;-101.3918036;-33.75522889;0.01485808141;-0.01166099245;-0.0008836338258;1.180245407;-1.435521909;-5.41240173;-0.07430622548;-0.008861801397;-0.0006211954638;-0.141195483
-101.5677501;-34.26621237;0.02527950806;-0.02190750284;-0.003278466719;1.167501751;-103.83839;-39.48993161;-0.04024947101;-0.01324498208;-0.01471508571;1.032054534;-2.270639875;-5.223719245;-0.06552897907;0.008662520765;-0.01143661899;-0.1354472165
-104.0493111;-39.96167775;-0.0896365427;-0.01345551893;-0.01450710084;1.022583288;-107.1094874;-44.78970943;-0.2181341242;-0.001251720547;-0.001281285832;0.9144801499;-3.060176239;-4.828031676;-0.1284975815;0.01220379839;0.01322581501;-0.1081031378
-107.4599067;-45.28334862;-0.2232768698;0.0008780426015;-0.0005399437708;0.9022343547;-111.0893631;-49.80487149;-0.2677385734;0.01497890619;-0.003084313089;0.8081169988;-3.629456414;-4.521522877;-0.04446170364;0.01410086359;-0.002544369318;-0.0941173559
-111.4223396;-50.17680593;-0.2692646562;0.01625304239;-0.004050263867;0.8001541557;-115.4521346;-54.34207045;-0.339182265;0.01939297443;-0.006364285082;0.7329231834;-4.029795069;-4.165264522;-0.06991760887;0.003139932045;-0.002314021216;-0.0672309724
-115.9008457;-54.76864822;-0.3375494124;0.01869022238;-0.00701350291;0.7293391833;-120.1899978;-58.69754533;-0.3879506716;0.01037212777;-0.01148455078;0.6968772032;-4.289152096;-3.928897105;-0.05040125913;-0.008318094612;-0.004471047871;-0.03246198006
-120.6561308;-59.10860928;-0.3928504488;0.01491435631;-0.01053143384;0.6934081969;-125.1165112;-62.95441589;-0.4649657885;0.01791925063;0.0008737107361;0.6637758828;-4.460380436;-3.845806607;-0.07211533972;0.003004894314;0.01140514458;-0.02963231401
-125.5534727;-63.31690865;-0.4631603153;0.01939161251;-0.0004368293373;0.6599273139;-130.2101913;-67.08498608;-0.474283003;0.0115716221;0.0009828874399;0.6273457026;-4.656718618;-3.768077432;-0.01112268766;-0.007819990415;0.001419716777;-0.0325816113
-130.6530942;-67.4326999;-0.4666065799;0.006166930185;0.0009953105612;0.6230857245;-135.3170331;-70.92764735;-0.4940285271;-0.0003289529065;0.0002066875204;0.5839606175;-4.663938873;-3.494947453;-0.02742194716;-0.006495883091;-0.0007886230409;-0.03912510697
-135.8278258;-71.2785887;-0.5092031394;0.004452106867;0.002744390245;0.5803547261;-140.6975274;-74.55687125;-0.4937860032;0.01932412645;0.01199022045;0.5388161764;-4.869701606;-3.278282555;0.01541713621;0.01487201958;0.009245830203;-0.04153854962
-141.1767689;-74.8620156;-0.4947284872;0.01883392325;0.01293868195;0.534695249;-146.3046142;-77.98699669;-0.5127894202;0.02536666387;0.009571632797;0.4965642858;-5.127845319;-3.12498109;-0.01806093297;0.006532740625;-0.003367049155;-0.03813096325
-146.8092135;-78.27497834;-0.5233297573;0.02637417507;0.01226325698;0.4946944868;-152.0599126;-81.29061269;-0.4994573016;0.02447271814;0.01324014316;0.499142403;-5.250699056;-3.015634345;0.02387245567;-0.001901456935;0.0009768861747;0.004447916171
-152.5605924;-81.60137364;-0.4888806012;0.02406019943;0.01660318092;0.4999781349;-157.8692859;-84.63069886;-0.4393820689;0.02001027033;0.02136581075;0.4955477357;-5.308693518;-3.029325215;0.04949853235;-0.004049929093;0.004762629823;-0.004430399283
-158.3795592;-84.92383276;-0.4370494837;0.0171423629;0.02345177989;0.494755579;-163.6975223;-87.92219312;-0.3317053032;0.01323172381;0.01067655883;0.4823656083;-5.317963123;-2.998360353;0.1053441804;-0.003910639091;-0.01277522106;-0.01238997075
-164.2061596;-88.21414076;-0.316370645;0.007891865687;0.008700351206;0.4808078393;-169.5536261;-91.13747641;-0.2867887277;0.008700523163;0.01667311635;0.4514306116;-5.347466511;-2.923335651;0.02958191729;0.0008086574762;0.007972765145;-0.02937722773
-170.1295762;-91.43444198;-0.2757781953;0.0102011451;0.0171219483;0.4468600116;-175.6235618;-94.1421309;-0.1912404121;0.01773348286;0.02132498703;0.3926383548;-5.493985591;-2.707688922;0.08453778328;0.00753233776;0.004203038722;-0.05422165685
-176.1608282;-94.38521564;-0.178259703;0.01441379104;0.02029574458;0.3863946018;-181.8582759;-96.73940634;-0.04038704396;0.01102010548;0.02312513492;0.3132146165;-5.697447746;-2.354190696;0.1378726591;-0.003393685554;0.002829390347;-0.07317998535
-182.4675085;-96.95895561;-0.02270627858;0.01195195614;0.0223030567;0.3048989892;-188.1871711;-98.75513669;0.1169704827;0.01963104207;0.02261856369;0.2044394304;-5.719662627;-1.79618108;0.1396767613;0.007679085928;0.0003155069926;-0.1004595588
-188.743551;-98.89851541;0.1106171878;0.01426285264;0.02704802285;0.1932008693;-194.6504588;-99.98557822;0.2251237859;0.01253603346;0.02581540872;0.0884161274;-5.906907807;-1.08706281;0.1145065982;-0.001726819182;-0.001232614132;-0.1047847419
-195.2134325;-100.0575336;0.2326290125;0.01029197642;0.02653412198;0.07740098554;-201.1361659;-100.4638005;0.3830643865;0.01956695185;0.02763832585;-0.01680576216;-5.922733382;-0.4062668657;0.150435374;0.009274975432;0.001104203869;-0.0942067477
-201.643073;-100.4691383;0.3947212556;0.02210485762;0.02881980335;-0.0227836557;-207.5979398;-100.3142795;0.5530577071;0.03465296589;0.02754155867;-0.08824197182;-5.954866816;0.1548588107;0.1583364515;0.01254810826;-0.00127824468;-0.06545831612
-208.1578432;-100.278794;0.5601622497;0.03497289896;0.02915006431;-0.09389981482;-214.0043599;-99.74410281;0.7084707438;0.03066121792;0.02886335174;-0.1611586212;-5.846516693;0.5346912229;0.1483084941;-0.004311681033;-0.0002867125658;-0.06725880641
-214.6196539;-99.69185287;0.7221367809;0.02938224074;0.02790684182;-0.170536816;-220.3529341;-98.71653582;0.898845402;0.01121291017;0.02492974745;-0.2741063854;-5.733280227;0.975317056;0.1767086211;-0.01816933057;-0.002977094363;-0.1035695694
-220.9486174;-98.56682604;0.9144734705;0.01262835441;0.0236790897;-0.2840824177;-226.4071299;-96.87348815;1.058870811;0.007777155426;0.03646302664;-0.402304145;-5.458512506;1.693337883;0.1443973408;-0.00485119898;0.01278393693;-0.1182217273
-226.9165485;-96.67791924;1.070671088;0.008109491905;0.03588699561;-0.4143889639;-232.0082751;-94.32174791;1.238294461;0.009143991173;0.02545181182;-0.5280974207;-5.09172652;2.356171326;0.1676233724;0.001034499268;-0.01043518379;-0.1137084568
-232.4845057;-94.06407386;1.259807393;0.01097707146;0.02368665409;-0.5371281721;-237.2251526;-91.19025132;1.437016743;0.01144263432;0.03792701689;-0.6247250801;-4.740646817;2.873822531;0.1772093503;0.0004655628592;0.0142403628;-0.08759690801
-237.600039;-90.94070084;1.447586261;0.008400973808;0.03994644568;-0.6315979239;-241.3662274;-88.31431955;1.664820926;-0.02387776666;0.03290331072;-0.6834270753;-3.766188447;2.626381286;0.2172346647;-0.03227874047;-0.007043134962;-0.05182915139
-241.6864912;-88.06314166;1.665252931;-0.02258756581;0.03468834025;-0.6875381174;-244.1157264;-86.15224438;1.79734167;-0.02349724314;0.02947658628;-0.7271126647;-2.429235188;1.910897273;0.1320887393;-0.0009096773304;-0.005211753969;-0.03957454735
-244.2927818;-85.99175292;1.806596018;-0.02108004201;0.02914405749;-0.7292949869;-245.9117296;-84.60576506;1.91996403;-0.03124676667;0.0287372792;-0.7637824799;-1.618947815;1.385987865;0.1133680117;-0.01016672466;-0.000406778284;-0.03448749298
-246.0662342;-84.46908665;1.92266837;-0.03389812644;0.02981230193;-0.7700168075;-247.6576455;-82.99930528;1.99690356;-0.03208304788;0.02025863711;-0.879209652;-1.59141126;1.469781365;0.07423519013;0.001815078555;-0.00955366482;-0.1091928445
-247.7951971;-82.85437094;1.999214467;-0.03060882398;0.02022307077;-0.892348705;-249.1918276;-81.17363106;2.062317693;-0.03459107656;0.007193363843;-1.106738961;-1.396630475;1.68073988;0.06310322565;-0.003982252581;-0.01302970693;-0.2143902556
-249.318408;-80.96631964;2.0728838;-0.02960216565;0.004051117503;-1.13852331;-250.3198962;-78.70299084;2.113562599;-0.03691837124;-0.007118807484;-1.459622924;-1.00148822;2.263328805;0.04067879904;-0.007316205595;-0.01116992499;-0.3210996136
-250.3763412;-78.45300617;2.122347754;-0.03326458362;-0.00890703839;-1.489396165;-250.6119283;-75.44033006;1.990768378;-0.02395477129;-0.004959521738;-1.823404634;-0.2355871107;3.01267611;-0.1315793754;0.009309812322;0.003947516652;-0.334008469
-250.5660464;-75.13029253;1.990827098;-0.02315707252;-0.006124978489;-1.856660935;-249.412323;-71.69869407;1.93288511;-0.005596577635;-0.01098556965;-2.104710037;1.153723388;3.431598455;-0.05794198784;0.01756049489;-0.004860591166;-0.2480491018
-249.2342211;-71.3585782;1.926220195;-0.001151990656;-0.009618905562;-2.120216728;-246.9638139;-67.95009795;1.913523878;0.01452570524;-0.004531200661;-2.239005945;2.27040726;3.408480253;-0.0126963172;0.0156776959;0.005087704901;-0.1187892163
-246.7077653;-67.60647267;1.914237419;0.01671031942;-0.006234364365;-2.246787612;-244.2051013;-64.53893308;1.935112221;0.01787082135;-0.003662385299;-2.273598145;2.502663987;3.06753959;0.02087480252;0.001160501928;0.002571979065;-0.0268105323
-243.9640709;-64.24181333;1.930434636;0.01690502477;-0.003136047077;-2.273821376;-241.2812211;-61.00962434;1.948553278;0.01313882629;-0.005202920983;-2.271731156;2.682849771;3.23218899;0.01811864154;-0.003766198478;-0.002066873906;0.002090220081
-240.9815266;-60.63655421;1.944356615;0.01186446487;-0.0051058024;-2.271563242;-237.9093566;-56.87169085;1.938733891;0.007725418347;-0.005441414298;-2.270851315;3.072170065;3.764863354;-0.005622724521;-0.004139046524;-0.0003356118975;0.0007119268901
-237.5938509;-56.48322489;1.933607074;0.009163671543;-0.005131462517;-2.271413583;-234.1226153;-52.23214769;1.886957594;0.01256855771;-0.003501738525;-2.276394639;3.471235547;4.251077206;-0.04664947969;0.003404886166;0.001629723991;-0.004981056151
-233.7371207;-51.76068051;1.882762988;0.01379771123;-0.002888971281;-2.276912307;-229.9316641;-47.15452192;1.855674031;0.01308867771;-0.001989307325;-2.276632516;3.805456611;4.606158594;-0.02708895777;-0.0007090335232;0.0008996639553;0.0002797910792
-229.5529979;-46.69032733;1.85375053;0.01249845278;-0.001859159797;-2.276768498;-225.4932612;-41.72025601;1.816853952;0.01484107776;-0.002424233429;-2.278578783;4.059736694;4.970071315;-0.03689657866;0.002342624979;-0.0005650736317;-0.001810284938
-225.0435572;-41.17336872;1.817542462;0.01526727024;-0.003667509987;-2.278960906;-220.733908;-35.84120417;1.733640115;0.01942507378;0.002792466972;-2.283246381;4.309649212;5.332164555;-0.08390234644;0.004157803548;0.006459976959;-0.004285475296
-220.3552216;-35.33748954;1.696990317;0.01963761412;0.00268902374;-2.283754814;-216.1051672;-30.16071466;1.631872367;0.01927726439;0.00407594555;-2.285368753;4.250054419;5.176774876;-0.0651179495;-0.0003603497328;0.001386921809;-0.001613938625
-215.6977613;-29.66944961;1.627117481;0.01898941197;0.004530409616;-2.28561946;-211.5764799;-24.64444479;1.562408155;0.01958839837;0.006006747336;-2.284358419;4.121281376;5.025004816;-0.06470932669;0.000598986407;0.00147633772;0.00126104057
-211.1766687;-24.16892372;1.562028635;0.02282203264;0.005893850573;-2.284146552;-207.1375716;-19.31298337;1.521094459;0.02209623788;0.003840287708;-2.288413663;4.03909708;4.855940351;-0.04093417546;-0.000725794754;-0.002053562865;-0.004267110599
-206.7105241;-18.80092248;1.519462321;0.02076333567;0.003277290165;-2.289053201;-202.7233985;-14.04529018;1.518538591;0.01973658424;0.003109642762;-2.296628404;3.987125567;4.755632301;-0.0009237301002;-0.001026751424;-0.0001676474024;-0.007575202809
-202.3296976;-13.5827358;1.518046274;0.01910769816;0.002826292473;-2.297040275;-198.3195161;-8.792256781;1.491627757;0.01844002201;0.006364636918;-2.29898943;4.01018146;4.790479016;-0.02641851745;-0.0006676761472;0.003538344445;-0.001949155177
-197.8847011;-8.284678334;1.490957572;0.01761308254;0.006283631156;-2.29848858;-193.8613719;-3.505090194;1.460166416;0.02233101726;0.006502085897;-2.291580752;4.023329131;4.779588139;-0.03079115621;0.004717934715;0.0002184547403;0.006907828415
-193.4678643;-3.041836098;1.462172248;0.02283144682;0.006514099787;-2.290912809;-189.501435;1.706319563;1.412857515;0.0230166544;0.009709323024;-2.282754832;3.966429336;4.748155661;-0.04931473355;0.0001852075761;0.003195223237;0.008157976824
-189.1152959;2.165226614;1.419096695;0.02665360069;0.00842381025;-2.282555845;-185.2234952;6.921158328;1.411483612;0.02110881355;0.009155706775;-2.288208638;3.891800688;4.755931714;-0.007613083193;-0.005544787143;0.000731896525;-0.005652793066
-184.8037762;7.429060206;1.410516199;0.01695881806;0.009318309564;-2.288558885;-180.8962339;12.11458003;1.409718666;0.01602765579;0.01136030763;-2.299106362;3.907542337;4.685519827;-0.0007975333341;-0.000931162268;0.002041998067;-0.01054747635
-180.4723065;12.61321146;1.414761095;0.01493060611;0.01048588191;-2.300832369;-176.4801549;17.297903;1.432895532;0.01526840389;0.01091904172;-2.316606583;3.9921516;4.684691542;0.01813443698;0.0003377977865;0.0004331598125;-0.01577421331
-176.1706945;17.73720181;1.422909626;0.01527309007;0.01077123936;-2.316979544;-172.1070999;22.38530713;1.405119236;0.02316267634;0.01541768735;-2.320916791;4.06359462;4.648105319;-0.01779039002;0.007889586269;0.004646447992;-0.003937247549
-171.7116176;22.83128354;1.418222937;0.01890432912;0.01194436863;-2.320877771;-167.6268048;27.48348562;1.422023239;0.01296948703;0.005633276631;-2.323575069;4.084812782;4.652202082;0.003800301255;-0.005934842087;-0.006311091995;-0.002697298182
-167.2359669;27.92667794;1.425634022;0.009962008263;0.0031312681;-2.323847012;-163.221422;32.43834058;1.417615074;0.007460627949;0.001398181906;-2.324206459;4.014544923;4.511662647;-0.008018948282;-0.002501380313;-0.001733086194;-0.0003594470589
-162.8328356;32.86887577;1.405846537;0.008941463974;0.003714255993;-2.324154165;-158.8562348;37.32921269;1.366870304;0.001602737866;0.00255893771;-2.324523922;3.976600803;4.460336923;-0.03897623262;-0.007338726108;-0.001155318283;-0.0003697567641
-158.4363767;37.80040132;1.367481483;0.0003272883041;0.002298242578;-2.325272598;-154.5211835;42.17777808;1.314404343;-0.003351273879;0.007312795129;-2.339538608;3.915193136;4.377376759;-0.05307714009;-0.003678562183;0.005014552551;-0.01426600955
-154.0936552;42.64287551;1.318614349;-0.003197081478;0.006914407906;-2.340985462;-150.1159033;46.97262564;1.292681793;-0.01235680062;0.008423880256;-2.342006813;3.977751829;4.329750129;-0.025932556;-0.009159719146;0.00150947235;-0.001021351523
-149.7286752;47.38293055;1.30124115;-0.008744900705;0.00500104237;-2.341397968;-145.6861938;51.7216718;1.327411592;-0.000510930569;0.01184362462;-2.343737109;4.042481468;4.338741248;0.02617044155;0.008233970136;0.006842582248;-0.002339141387
-145.2581466;52.17978891;1.332792467;0.0001766407677;0.01288764261;-2.344628927;-141.2092453;56.41343744;1.285984417;0.01299093559;0.02393897195;-2.353354944;4.048901358;4.233648527;-0.04680804994;0.01281429482;0.01105132934;-0.008726017405
-140.8116824;56.82850596;1.290735208;0.01405430098;0.02410628667;-2.35420485;-136.640335;61.15790488;1.388944753;0.01477496516;0.02974324643;-2.36380431;4.17134746;4.32939892;0.09820954491;0.0007206641738;0.005636959766;-0.009599460593
-136.2302651;61.57960637;1.3997385;0.0159593195;0.0312920669;-2.365089226;-131.9240372;65.97412553;1.54494505;0.02129189954;0.03397319489;-2.371712018;4.30622795;4.394519159;0.1452065499;0.00533258004;0.002681127987;-0.006622792378
-131.5210398;66.45601599;1.585837469;0.02104955208;0.0332937178;-2.371873835;-127.1756794;70.92789967;1.76396648;0.01538776678;0.02704359682;-2.367031526;4.345360438;4.471883679;0.1781290108;-0.005661785298;-0.006250120988;0.004842308968
-126.7523855;71.360658;1.782242446;0.01507635552;0.02552573611;-2.366273266;-122.5077882;75.81982273;1.922348547;0.01459902097;0.02640563106;-2.358238545;4.244597328;4.459164734;0.1401061017;-0.0004773345496;0.0008798949427;0.008034720849
-122.102357;76.23993401;1.931749937;0.01560572724;0.02560979444;-2.357606275;-118.056222;80.55920394;2.070063334;0.01176482207;0.01963024048;-2.366556252;4.046135026;4.319269922;0.1383133972;-0.003840905176;-0.005979553953;-0.008949976461
-117.624671;81.01109623;2.071779106;0.01029408976;0.02135113448;-2.369738601;-113.5802807;85.10509112;2.184792088;0.008753543073;0.01712940322;-2.421830264;4.04439023;4.093994896;0.1130129815;-0.001540546682;-0.004221731263;-0.052091663
-113.1739697;85.48269882;2.18883917;0.01122307185;0.01829396507;-2.429938253;-108.8311389;89.15652146;2.234034405;0.01396109578;0.01346946451;-2.526621662;4.342830758;3.673822638;0.04519523544;0.002738023936;-0.004824500552;-0.09668340891
-108.3559026;89.51730333;2.236639596;0.01467630555;0.01331342636;-2.535968797;-103.8190467;92.69589517;2.309598277;0.01002019378;0.008303926097;-2.625362367;4.536855934;3.178591843;0.0729586811;-0.004656111764;-0.00500950026;-0.08939357013
-103.3284703;92.99719265;2.312492657;0.009423530573;0.008010574185;-2.632953273;-98.67242763;95.6207119;2.338423815;-0.001096013138;-0.002326005835;-2.744057279;4.656042684;2.623519251;0.02593115861;-0.01051954371;-0.01033658002;-0.1111040061
-98.21289507;95.83830809;2.34201023;-8.675054116e-005;-0.003513706415;-2.757842748;-93.3589052;97.75500788;2.324201637;0.005600281765;-0.005470825828;-2.905327273;4.853989872;1.916699792;-0.01780859396;0.005687032306;-0.001957119412;-0.1474845248
-92.82894753;97.90733367;2.318177971;0.007780530586;-0.005557166118;-2.91984707;-87.73433306;98.97847833;2.287429627;0.01128090072;0.001343614553;-3.070248075;5.094614473;1.071144659;-0.03074834404;0.003500370129;0.006900780671;-0.1504010052
-87.23012405;99.046331;2.292706489;0.006413602106;0.002360297608;-3.085285505;-81.94885945;99.29568246;2.314103098;0.005576347028;0.0008998540129;3.064033209;5.2812646;0.2493514544;0.0213966089;-0.0008372550776;-0.001460443595;6.149318714
-81.49556916;99.3225478;2.331698062;0.006116876271;-0.001387682969;3.050118442;-76.68831793;98.91969077;2.312527159;0.01815040959;-0.00536265248;2.96959946;4.80725123;-0.4028570296;-0.0191709035;0.01203353332;-0.003974969512;-0.08051898211
-76.25343801;98.85771992;2.310562176;0.02084248684;-0.005786131787;2.963706619;-72.17402591;98.16533616;2.26997015;0.02141664631;-0.01197986457;2.891868337;4.079412104;-0.6923837608;-0.04059202632;0.0005741594696;-0.006193732779;-0.07183828223
-71.80766874;98.08453589;2.266379078;0.02511565735;-0.01284284166;2.882733447;-68.17241413;97.14055566;2.171328913;0.01358518121;-0.006005521727;2.792236293;3.635254615;-0.9439802302;-0.09505016541;-0.01153047615;0.006837319937;-0.09049715476
-67.84216005;97.03532836;2.171374093;0.01425860625;-0.006943287435;2.784189389;-64.68196911;95.83198249;2.116244722;0.0159915783;-0.01456335744;2.701666961;3.16019094;-1.203345869;-0.05512937032;0.001732972048;-0.007620070009;-0.08252242782
-64.39319483;95.71215544;2.111614262;0.01496694614;-0.01549695254;2.694682577;-61.60885094;94.42065781;2.026869479;0.007835031544;-0.02121497484;2.613710264;2.784343887;-1.291497626;-0.0847447833;-0.007131914594;-0.005718022303;-0.08097231335
-61.3528869;94.29103715;2.019273508;0.007376653373;-0.02135774105;2.603422206;-58.79450302;92.87427269;1.947893847;0.006592948816;-0.01920912171;2.508358738;2.558383886;-1.416764459;-0.07137966128;-0.000783704557;0.002148619346;-0.09506346813
-58.5534238;92.71475698;1.937714849;0.006522610534;-0.01915370566;2.502356593;-56.0828014;90.9380249;1.84911642;0.01183627307;-0.01787391103;2.465220321;2.470622405;-1.77673208;-0.08859842864;0.005313662535;0.001279794622;-0.03713627221
-55.81385955;90.73920686;1.844190769;0.01290251705;-0.01846643037;2.462196816;-53.3139957;88.77886752;1.729762649;0.01220009077;-0.01222610035;2.448591884;2.499863846;-1.960339339;-0.1144281199;-0.0007024262859;0.006240330023;-0.01360493212
-53.07698502;88.59410769;1.723294145;0.01110418652;-0.01285793483;2.448281245;-50.81393571;86.82624303;1.655048794;0.01561501995;-0.01780833362;2.443741163;2.26304931;-1.767864664;-0.06824535075;0.004510833428;-0.004950398788;-0.004540081867
-50.58942408;86.6505116;1.648682797;0.01503404966;-0.01841841989;2.443492797;-48.63883826;85.1464028;1.578245548;0.01630500618;-0.01927979735;2.442197205;1.950585822;-1.504108802;-0.07043724903;0.00127095652;-0.0008613774562;-0.001295591477
-48.47235862;85.05067744;1.578696367;0.01622577234;-0.0193742237;2.441977965;-46.70370122;83.81103585;1.595283576;0.01820133749;-0.01873288078;2.445944778;1.768657396;-1.239641588;0.01658720871;0.001975565149;0.0006413429161;0.003966813004
-46.55720251;83.69661565;1.589119613;0.01882192352;-0.0183894092;2.446244993;-45.17620601;82.63379892;1.553987785;0.01594239047;-0.02420932123;2.449872244;1.380996505;-1.062816731;-0.03513182832;-0.002879533053;-0.005819912038;0.003627251485
-45.02657455;82.51946012;1.551116516;0.01598883053;-0.02563448052;2.450246245;-43.33114961;81.2536669;1.518124757;0.01557412923;-0.02651822133;2.454106674;1.695424933;-1.265793224;-0.03299175927;-0.0004147012964;-0.0008837408135;0.003860428722
-43.127397;81.09549062;1.512336247;0.01677685444;-0.02703697693;2.454254531;-40.94448571;79.47654127;1.44633053;0.01599593979;-0.02288562103;2.447344336;2.182911297;-1.61894935;-0.06600571688;-0.0007809146474;0.00415135591;-0.006910195436
-40.71597346;79.30216576;1.43722169;0.01521508208;-0.02277030797;2.446281924;-38.12118202;77.21863458;1.345487702;0.01821545158;-0.02824224418;2.438075103;2.594791439;-2.083531183;-0.09173398804;0.003000369496;-0.005471936213;-0.008206821202
-37.81098111;76.97658704;1.334261389;0.01665858646;-0.02818359732;2.437331087;-34.75097009;74.48034274;1.19876425;0.01600234794;-0.02738457038;2.429323889;3.060011017;-2.4962443;-0.1354971389;-0.0006562385206;0.0007990269381;-0.008007198284
-34.44350583;74.23724433;1.191266135;0.01367249662;-0.02706832916;2.428283686;-31.27036513;71.58960023;1.057922142;0.0130043877;-0.02469274098;2.427450615;3.173140705;-2.647644095;-0.1333439927;-0.0006681089172;0.002375588187;-0.0008330708875
-30.92228215;71.30528719;1.041070058;0.01361331747;-0.0243942263;2.428214379;-27.78566097;68.72457738;0.9113723663;0.01260731655;-0.02411423763;2.438151951;3.13662118;-2.58070981;-0.1296976915;-0.001006000916;0.0002799886622;0.009937572446
-27.49912396;68.48774664;0.9015503078;0.0159058895;-0.02372254878;2.439286333;-24.6576277;66.20039584;0.7736853095;0.01471996725;-0.02281874972;2.446803665;2.841496267;-2.287350795;-0.1278649983;-0.00118592225;0.000903799055;0.007517331854
-24.35040477;65.9543844;0.7555993581;0.01701373267;-0.02143665817;2.447775908;-21.28699128;63.54905374;0.6636881028;0.01739500232;-0.02630635346;2.451841999;3.063413488;-2.405330653;-0.09191125528;0.000381269645;-0.004869695282;0.004066090944
-21.00212941;63.30692267;0.6419532268;0.01595190557;-0.02712996474;2.451951753;-17.60433381;60.62624513;0.510416555;0.01374460064;-0.02288352451;2.447306752;3.397795592;-2.680677542;-0.1315366717;-0.00220730493;0.004246440228;-0.00464500101
-17.24525039;60.3505853;0.512830119;0.01310093557;-0.02563800929;2.447306572;-13.52624162;57.3957928;0.3679640323;0.01723457324;-0.02490815451;2.451500621;3.719008765;-2.954792505;-0.1448660867;0.004133637672;0.0007298547768;0.004194048983
-13.15240492;57.10586009;0.3534930448;0.01664328919;-0.02490286127;2.452066552;-9.161044615;53.99670433;0.1869007496;0.01486582225;-0.02288293641;2.457902373;3.991360308;-3.109155758;-0.1665922952;-0.00177746694;0.002019924866;0.005835821475
-8.770313479;53.69700869;0.1714656083;0.01488018165;-0.02223102366;2.458403389;-4.817227351;50.64282014;0.03652463556;0.02162386777;-0.01938777413;2.463071956;3.953086127;-3.054188547;-0.1349409727;0.006743686121;0.002843249524;0.004668567347
-4.401754053;50.32652269;0.02207486535;0.02183047176;-0.0186891302;2.463705073;-0.5454862822;47.39508853;-0.1199510028;0.02421222999;-0.01768299702;2.468276767;3.856267771;-2.931434159;-0.1420258681;0.002381758233;0.001006133185;0.004571694564
-0.1776349427;47.12468412;-0.135629606;0.02139585943;-0.01723414992;2.468049023;3.341054784;44.49197896;-0.2640007125;0.006847358301;-0.02129047904;2.467970481;3.518689727;-2.632705158;-0.1283711065;-0.01454850113;-0.004056329127;-7.854231074e-005
3.66274711;44.25397124;-0.2658670018;0.006038311148;-0.02654168517;2.46777297;6.770018251;41.89964301;-0.4028468379;0.005432495158;-0.02832553679;2.474429559;3.107271141;-2.354328229;-0.136979836;-0.00060581599;-0.001783851613;0.006656589805
7.035619532;41.69651119;-0.4056205977;0.007339164117;-0.03089443577;2.477313222;9.483377899;39.95035068;-0.5031463487;-0.009508465253;-0.04016303916;2.49351737;2.447758367;-1.746160516;-0.09752575103;-0.01684762937;-0.009268603385;0.01620414782
9.703779682;39.79194445;-0.5169823341;-0.008224215195;-0.03767288926;2.493341082;11.36549299;38.63571659;-0.5668686139;-0.009170713051;-0.0445329508;2.463321691;1.661713312;-1.156227862;-0.04988627973;-0.0009464978561;-0.006860061537;-0.03001939092
11.51319974;38.53576537;-0.5760527601;-0.009614318737;-0.04550396912;2.457531545;12.65272838;37.73952382;-0.6125066391;-0.006500684445;-0.04214402885;2.379639736;1.139528639;-0.7962415515;-0.03645387904;0.003113634293;0.003359940266;-0.07789180899
12.68984897;37.66833123;-0.6268974233;-0.00947171686;-0.04220474546;2.368642089;13.94807339;36.70331689;-0.8233375117;-0.02397265522;-0.0246230815;2.192992778;1.258224425;-0.9650143401;-0.1964400884;-0.01450093836;0.01758166396;-0.1756493113
14.06512756;36.53702725;-0.8402716557;-0.02377832982;-0.02136447989;2.174313569;15.33380035;34.88492639;-1.002805196;-0.01711604383;0.003746710669;1.918874416;1.268672785;-1.652100862;-0.1625335398;0.006662285994;0.02511119056;-0.2554391537
15.44262458;34.66549285;-1.009137055;-0.01402624068;0.00512199834;1.890395532;16.34726221;32.09702318;-1.065520353;-0.03561238822;0.01103066608;1.647293752;0.9046376242;-2.568469665;-0.05638329769;-0.02158614755;0.00590866774;-0.2431017799
16.40225496;31.80585535;-1.06111303;-0.03759384734;0.01018030555;1.620869727;16.49274653;28.28143379;-1.02532387;-0.04069382897;0.003510606369;1.368147873;0.09049157369;-3.52442156;0.03578915975;-0.003099981632;-0.006669699182;-0.2527218544
16.45022826;27.87044891;-1.025616292;-0.04463508064;0.002552046951;1.346206746;15.35459837;23.86954748;-1.108611994;-0.03746818017;0.007200067799;1.175719568;-1.095629898;-4.000901431;-0.08299570277;0.007166900466;0.004648020848;-0.1704871777
15.21912399;23.4940668;-1.106072892;-0.0363883231;0.005842518326;1.164258766;13.66373332;19.77812924;-1.108567167;-0.03516917634;0.005164375118;1.082431606;-1.55539067;-3.715937556;-0.002494274621;0.001219146761;-0.000678143208;-0.08182715986
13.4855027;19.40974448;-1.102758591;-0.03228094012;0.003149643393;1.075006139;11.71333225;16.16309123;-1.121414289;-0.03229600654;0.007881604799;1.004793188;-1.772170454;-3.246653252;-0.01865569774;-1.506642537e-005;0.004731961406;-0.07021295143
11.53886364;15.86386417;-1.118617228;-0.03082219681;0.007397727972;0.9971308602;9.820390088;13.00901813;-1.178491225;-0.03655435944;0.006919201283;0.8976112639;-1.718473547;-2.854846044;-0.0598739967;-0.005732162624;-0.0004785266884;-0.09951959633
9.647107665;12.76259498;-1.176507264;-0.03472962585;0.005621415334;0.8837231444;7.687836675;10.54028201;-1.141758731;-0.03292000856;-0.001136963193;0.7404381337;-1.95927099;-2.222312969;0.03474853264;0.00180961729;-0.006758378527;-0.1432850106
7.488962011;10.33022426;-1.147484718;-0.03296813144;-0.0008578583804;0.7276927374;5.370824373;8.607884264;-1.106770887;-0.02165157427;-0.003345767659;0.668957196;-2.118137638;-1.722339997;0.04071383134;0.01131655718;-0.002487909279;-0.05873554143
5.164192146;8.444435244;-1.109976549;-0.020895934;-0.00354294887;0.671907434;3.191677923;6.913772894;-1.124794884;-0.01856408544;-1.461197634e-005;0.7470338905;-1.972514223;-1.53066235;-0.01481833559;0.002331848561;0.003528336893;0.07512645648
3.062320592;6.753048899;-1.145619694;-0.01799040735;0.0001152198126;0.7565997657;1.492472029;5.184192268;-1.190516432;-0.01846478166;0.001834636222;0.8529765393;-1.569848563;-1.568856631;-0.04489673778;-0.0004743743125;0.00171941641;0.09637677358
1.339778621;5.015061072;-1.193073275;-0.01883498893;0.001888590771;0.8632795083;0.05102216067;3.464867684;-1.204147005;-0.0168050269;0.001874198997;0.9298895544;-1.28875646;-1.550193388;-0.01107372987;0.002029962029;-1.439177321e-005;0.06661004605
-0.05776287012;3.320756954;-1.212001082;-0.01691584155;0.003404613699;0.9338456436;-1.005290299;1.802290858;-1.108562949;-0.01821066918;0.00205713828;0.9625868019;-0.9475274292;-1.518466096;0.1034381331;-0.001294827636;-0.00134747542;0.0287411583
-1.104799442;1.656098238;-1.11136942;-0.01743116035;0.002097683406;0.9637006551;-1.887007297;0.4502328844;-1.070323057;-0.01504666442;0.002367872085;0.9716116434;-0.7822078551;-1.205865354;0.04104636237;0.00238449593;0.0002701886784;0.007910988332
-1.935236586;0.3803294734;-1.071089422;-0.014597639;0.001939487695;0.9719074607;-2.101446527;0.1275598693;-1.030027386;-0.0143370966;-0.002797212358;0.9739383256;-0.166209941;-0.2527696041;0.04106203574;0.0002605424023;-0.004736700052;0.002030864947
-2.100749563;0.1320388897;-1.026434668;-0.01487906716;-0.004698767496;0.9740842424;-2.099746183;0.145951743;-1.040512712;-0.01518256962;-0.001780964507;0.9738850244;0.001003379785;0.01391285328;-0.01407804434;-0.0003035024609;0.002917802989;-0.0001992180105
-2.099509915;0.1492918399;-1.042292672;-0.01541087854;-0.001770469842;0.9740230489;-2.147366523;0.1247636544;-0.987855733;-0.01518348111;-0.001792802902;0.9739142354;-0.04785660726;-0.02452818549;0.05443693854;0.0002273974217;-2.233305994e-005;-0.0001088135157
-2.147480052;0.1277817346;-0.9897829403;-0.01519398479;-0.001824015187;0.9739223153;-2.147501333;0.1360056982;-0.9955214193;-0.01504716319;-0.001850071175;0.9738628107;-2.128109302e-005;0.008223963549;-0.005738479015;0.0001468215911;-2.605598758e-005;-5.950464914e-005
